"institution","n_suspect","n_random","packet"
"hiof",20,8,"data/audit/sections/packets/hiof.md"
"hivolda",20,3,"data/audit/sections/packets/hivolda.md"
"hvl",20,8,"data/section_review/packets/hvl.md"
"inn",20,0,"data/audit/sections/packets/inn.md"
"mf",20,0,"data/audit/sections/packets/mf.md"
"nih",20,8,"data/audit/sections/packets/nih.md"
"nla",20,8,"data/audit/sections/packets/nla.md"
"nmbu",2,8,"data/audit/sections/packets/nmbu.md"
"nord",20,8,"data/audit/sections/packets/nord.md"
"ntnu",20,8,"data/section_review/packets/ntnu.md"
"oslomet",20,8,"data/audit/sections/packets/oslomet.md"
"steiner",6,8,"data/audit/sections/packets/steiner.md"
"uia",20,8,"data/audit/sections/packets/uia.md"
"uib",20,8,"data/section_review/packets/uib.md"
"uio",5,8,"data/audit/sections/packets/uio.md"
"uis",20,8,"data/section_review/packets/uis.md"
"uit",20,8,"data/section_review/packets/uit.md"
"usn",20,8,"data/audit/sections/packets/usn.md"
