"institution_name","year","semester_int","semester_name","course_code","course_name","future_generated","institution_short","supported_inst","url","missing_reason"
"Samisk høgskole",2025,NA,"H","POM HEIVEHUS-1","Pom heivehuscallosat",TRUE,"samas",TRUE,NA,"mangler url_pattern i YAML"
"Samisk høgskole",2026,NA,"V","POM HEIVEHUS-1","Pom heivehuscallosat",TRUE,"samas",TRUE,NA,"mangler url_pattern i YAML"
"Samisk høgskole",2025,NA,"H","V1ALG-3100-1","Ciek?udeapmi álgooahpahussii",TRUE,"samas",TRUE,NA,"mangler url_pattern i YAML"
"Samisk høgskole",2026,NA,"V","V1ALG-3100-1","Ciek?udeapmi álgooahpahussii",TRUE,"samas",TRUE,NA,"mangler url_pattern i YAML"
"Samisk høgskole",2025,NA,"H","V1ALG-3110-1","Masterbargu sámi vuoddoskuvlaoahpaheaddjeoahpus",TRUE,"samas",TRUE,NA,"mangler url_pattern i YAML"
"Samisk høgskole",2026,NA,"V","V1ALG-3110-1","Masterbargu sámi vuoddoskuvlaoahpaheaddjeoahpus",TRUE,"samas",TRUE,NA,"mangler url_pattern i YAML"
"Samisk høgskole",2025,NA,"H","V1BDV-1140-1","Biebmu ja dearvvašvuohta / Mat og helse",TRUE,"samas",TRUE,NA,"mangler url_pattern i YAML"
"Samisk høgskole",2026,NA,"V","V1BDV-1140-1","Biebmu ja dearvvašvuohta / Mat og helse",TRUE,"samas",TRUE,NA,"mangler url_pattern i YAML"
"Samisk høgskole",2025,NA,"H","V1DAR-1100-1","Dárogiella",TRUE,"samas",TRUE,NA,"mangler url_pattern i YAML"
"Samisk høgskole",2026,NA,"V","V1DAR-1100-1","Dárogiella",TRUE,"samas",TRUE,NA,"mangler url_pattern i YAML"
"Samisk høgskole",2026,NA,"V","V1DAR-1100 1-1","Dárogiella",TRUE,"samas",TRUE,NA,"mangler url_pattern i YAML"
"Samisk høgskole",2026,NA,"V","V1DAR-1100 2-1","Dárogiella",TRUE,"samas",TRUE,NA,"mangler url_pattern i YAML"
"Samisk høgskole",2026,NA,"V","V1DAR-1100-1-1","Dárogiella",TRUE,"samas",TRUE,NA,"mangler url_pattern i YAML"
"Samisk høgskole",2025,NA,"H","V1DAR-1101-1-1","Dárogiella: Giellaovdáneapmi ja giellastimuleren. Cállin.",TRUE,"samas",TRUE,NA,"mangler url_pattern i YAML"
"Samisk høgskole",2026,NA,"V","V1DAR-1101-1-1","Dárogiella: Giellaovdáneapmi ja giellastimuleren. Cállin.",TRUE,"samas",TRUE,NA,"mangler url_pattern i YAML"
"Samisk høgskole",2025,NA,"H","V1DAR-1101-2-1","Dárogiella: Lohkan ja teakstabargu",TRUE,"samas",TRUE,NA,"mangler url_pattern i YAML"
"Samisk høgskole",2026,NA,"V","V1DAR-1101-2-1","Dárogiella: Lohkan ja teakstabargu",TRUE,"samas",TRUE,NA,"mangler url_pattern i YAML"
"Samisk høgskole",2025,NA,"H","V1DIE-3100-1","Diedateoriija ja dutkanmetodat",TRUE,"samas",TRUE,NA,"mangler url_pattern i YAML"
"Samisk høgskole",2026,NA,"V","V1DIE-3100-1","Diedateoriija ja dutkanmetodat",TRUE,"samas",TRUE,NA,"mangler url_pattern i YAML"
"Samisk høgskole",2025,NA,"H","V1DUO-1140-1","Duodji",TRUE,"samas",TRUE,NA,"mangler url_pattern i YAML"
"Samisk høgskole",2026,NA,"V","V1DUO-1140-1","Duodji",TRUE,"samas",TRUE,NA,"mangler url_pattern i YAML"
"Samisk høgskole",2025,NA,"H","V1HAR-1100-1-1","Observasjonspraksis i 1. semester, 5 dager",TRUE,"samas",TRUE,NA,"mangler url_pattern i YAML"
"Samisk høgskole",2025,NA,"H","V1HAR-1100-2-1","Praksis i 1. semester, 5 dager",TRUE,"samas",TRUE,NA,"mangler url_pattern i YAML"
"Samisk høgskole",2025,NA,"H","V1HAR-1101-1-1","Praksis i 3. semester, 15 dager",TRUE,"samas",TRUE,NA,"mangler url_pattern i YAML"
"Samisk høgskole",2025,NA,"H","V1HAR-2100-1-1","Praksis i 5. semester, 15 dager",TRUE,"samas",TRUE,NA,"mangler url_pattern i YAML"
"Samisk høgskole",2025,NA,"H","V1HAR-3100-1-1","Praksis i 7. semester, 15 dager",TRUE,"samas",TRUE,NA,"mangler url_pattern i YAML"
"Samisk høgskole",2025,NA,"H","V1LUO-1140-1","Luonddufaga",TRUE,"samas",TRUE,NA,"mangler url_pattern i YAML"
"Samisk høgskole",2026,NA,"V","V1LUO-1140-1","Luonddufaga",TRUE,"samas",TRUE,NA,"mangler url_pattern i YAML"
"Samisk høgskole",2026,NA,"V","V1MAT-1100-1","Matematihkka",TRUE,"samas",TRUE,NA,"mangler url_pattern i YAML"
"Samisk høgskole",2025,NA,"H","V1MAT-1100 1-1","Matematihkka - vuosttaš jagi",TRUE,"samas",TRUE,NA,"mangler url_pattern i YAML"
"Samisk høgskole",2026,NA,"V","V1MAT-1100 1-1","Matematihkka - vuosttaš jagi",TRUE,"samas",TRUE,NA,"mangler url_pattern i YAML"
"Samisk høgskole",2025,NA,"H","V1MAT-1100 2-1","Matematihkka- nuppi jagi",TRUE,"samas",TRUE,NA,"mangler url_pattern i YAML"
"Samisk høgskole",2026,NA,"V","V1MAT-1100 2-1","Matematihkka- nuppi jagi",TRUE,"samas",TRUE,NA,"mangler url_pattern i YAML"
"Samisk høgskole",2026,NA,"V","V1MAT-1100-2-1","Matematihkka 1 - heivehuvvon M2",TRUE,"samas",TRUE,NA,"mangler url_pattern i YAML"
"Samisk høgskole",2026,NA,"V","V1MAT-1100-3-1","Matematihkka 1 - heivehuvvon M1 ja M2",TRUE,"samas",TRUE,NA,"mangler url_pattern i YAML"
"Samisk høgskole",2025,NA,"H","V1MAT-1101-1","Matematihkka A",TRUE,"samas",TRUE,NA,"mangler url_pattern i YAML"
"Samisk høgskole",2026,NA,"V","V1MAT-1101-1","Matematihkka A",TRUE,"samas",TRUE,NA,"mangler url_pattern i YAML"
"Samisk høgskole",2025,NA,"H","V1PAC-1140-1","Pedagogihkka   ciek?udeapmi árbevirolaš máhtus ja sámi  kultuvrras / Pedagogikk   fordypning i tradisjonell kunnskap og",TRUE,"samas",TRUE,NA,"mangler url_pattern i YAML"
"Samisk høgskole",2026,NA,"V","V1PAC-1140-1","Pedagogihkka   ciek?udeapmi árbevirolaš máhtus ja sámi  kultuvrras / Pedagogikk   fordypning i tradisjonell kunnskap og",TRUE,"samas",TRUE,NA,"mangler url_pattern i YAML"
"Samisk høgskole",2025,NA,"H","V1POM-1100-1","Sámi skuvla ja oahppan. Pedagogihkka ja oahppimáhttu 1. oahppojahki",TRUE,"samas",TRUE,NA,"mangler url_pattern i YAML"
"Samisk høgskole",2026,NA,"V","V1POM-1100-1","Sámi skuvla ja oahppan. Pedagogihkka ja oahppimáhttu 1. oahppojahki",TRUE,"samas",TRUE,NA,"mangler url_pattern i YAML"
"Samisk høgskole",2026,NA,"V","V1POM-1100-1-1","Sámi skuvla ja oahppan. Pedagogihkka ja oahppimáhttu 1.oahppojahki",TRUE,"samas",TRUE,NA,"mangler url_pattern i YAML"
"Samisk høgskole",2025,NA,"H","V1POM-1101-1","Oahppit, skuvla ja kultuvra. Pedagogihkka ja oahppimáhttu 2. oahppojahki",TRUE,"samas",TRUE,NA,"mangler url_pattern i YAML"
"Samisk høgskole",2026,NA,"V","V1POM-1101-1","Oahppit, skuvla ja kultuvra. Pedagogihkka ja oahppimáhttu 2. oahppojahki",TRUE,"samas",TRUE,NA,"mangler url_pattern i YAML"
"Samisk høgskole",2025,NA,"H","V1POM-2100-1","Oahpaheaddjin má?ggabealat skuvllas ja servodagas. Pedagogihkka ja oahppimáhttu 3. oahppojahki",TRUE,"samas",TRUE,NA,"mangler url_pattern i YAML"
"Samisk høgskole",2026,NA,"V","V1POM-2100-1","Oahpaheaddjin má?ggabealat skuvllas ja servodagas. Pedagogihkka ja oahppimáhttu 3. oahppojahki",TRUE,"samas",TRUE,NA,"mangler url_pattern i YAML"
"Samisk høgskole",2026,NA,"V","V1POM-2100-1-1","Oahpaheaddjin má?ggabealat skuvllas ja servodagas",TRUE,"samas",TRUE,NA,"mangler url_pattern i YAML"
"Samisk høgskole",2025,NA,"H","V1POM-3100-1","Skuvla ja oahppavaš organisašuvdna. Pedagogihkka ja oahppimáhttu 4. oahppojahki",TRUE,"samas",TRUE,NA,"mangler url_pattern i YAML"
"Samisk høgskole",2026,NA,"V","V1POM-3100-1","Skuvla ja oahppavaš organisašuvdna. Pedagogihkka ja oahppimáhttu 4. oahppojahki",TRUE,"samas",TRUE,NA,"mangler url_pattern i YAML"
"Samisk høgskole",2026,NA,"V","V1POM-3100-1-1","Skuvla ja oahppavaš organisašuvdna",TRUE,"samas",TRUE,NA,"mangler url_pattern i YAML"
"Samisk høgskole",2025,NA,"H","V1POM-3101-1","Dutki oahpaheaddji ja skuvlaovdánahttin. Pedagogihkka ja oahppimahttu 5. oahppojahki",TRUE,"samas",TRUE,NA,"mangler url_pattern i YAML"
"Samisk høgskole",2026,NA,"V","V1POM-3101-1","Dutki oahpaheaddji ja skuvlaovdánahttin. Pedagogihkka ja oahppimahttu 5. oahppojahki",TRUE,"samas",TRUE,NA,"mangler url_pattern i YAML"
"Samisk høgskole",2025,NA,"H","V1RUO-1100-1","Ruotagiella",TRUE,"samas",TRUE,NA,"mangler url_pattern i YAML"
"Samisk høgskole",2026,NA,"V","V1RUO-1100-1","Ruotagiella",TRUE,"samas",TRUE,NA,"mangler url_pattern i YAML"
"Samisk høgskole",2025,NA,"H","V1SAM-1100-1","Álgolohkan- ja cállinoahpahallan, giellaoahppa, mánáid- ja nuoraidgirjjálašvuohta oahpahusas. Sámegiella 1. oahppojahki",TRUE,"samas",TRUE,NA,"mangler url_pattern i YAML"
"Samisk høgskole",2026,NA,"V","V1SAM-1100-1","Álgolohkan- ja cállinoahpahallan, giellaoahppa, mánáid- ja nuoraidgirjjálašvuohta oahpahusas. Sámegiella 1. oahppojahki",TRUE,"samas",TRUE,NA,"mangler url_pattern i YAML"
"Samisk høgskole",2025,NA,"H","V1SAM-1101-1","Ovddidit vuoddogálggaid lohkamis, cállimis ja njálmmalaš giellageavaheamis, sámi njálmmalaš árbevierru oahpahusas.",TRUE,"samas",TRUE,NA,"mangler url_pattern i YAML"
"Samisk høgskole",2026,NA,"V","V1SAM-1101-1","Ovddidit vuoddogálggaid lohkamis, cállimis ja njálmmalaš giellageavaheamis, sámi njálmmalaš árbevierru oahpahusas.",TRUE,"samas",TRUE,NA,"mangler url_pattern i YAML"
"Samisk høgskole",2026,NA,"V","V1SAM-1101-2-1","Ovddidit vuoddogálggaid lohkamis, cállimis ja njálmmalaš giellageavaheamis, sámi njálmmalaš árbevierru oahpahusas",TRUE,"samas",TRUE,NA,"mangler url_pattern i YAML"
"Samisk høgskole",2025,NA,"H","V1SAM-2100-1","Giellavariašuvnnat servodagas ja giellaoahpalaš ciek?udeapmi. Sámegiella 3. oahppojahki",TRUE,"samas",TRUE,NA,"mangler url_pattern i YAML"
"Samisk høgskole",2026,NA,"V","V1SAM-2100-1","Giellavariašuvnnat servodagas ja giellaoahpalaš ciek?udeapmi. Sámegiella 3. oahppojahki",TRUE,"samas",TRUE,NA,"mangler url_pattern i YAML"
"Samisk høgskole",2026,NA,"V","V1SAM-2100-1-1","Giellavariašuvnnat servodagas ja giellaoahpalaš ciek?udeapmi",TRUE,"samas",TRUE,NA,"mangler url_pattern i YAML"
"Samisk høgskole",2025,NA,"H","V1SUO-1100-1","Suomagiella",TRUE,"samas",TRUE,NA,"mangler url_pattern i YAML"
"Samisk høgskole",2026,NA,"V","V1SUO-1100-1","Suomagiella",TRUE,"samas",TRUE,NA,"mangler url_pattern i YAML"
"Samisk høgskole",2026,NA,"V","V1SUO-1100-1-1","Suomagiella",TRUE,"samas",TRUE,NA,"mangler url_pattern i YAML"
"Samisk høgskole",2025,NA,"H","V5BDV-1140-1","Biebmu ja dearvvasvuohta",TRUE,"samas",TRUE,NA,"mangler url_pattern i YAML"
"Samisk høgskole",2026,NA,"V","V5BDV-1140-1","Biebmu ja dearvvasvuohta",TRUE,"samas",TRUE,NA,"mangler url_pattern i YAML"
"Samisk høgskole",2025,NA,"H","V5DIE-3100-1","Diedateoriija ja dutkanmetodat / Vitenskapsteori og forskningsmetoder",TRUE,"samas",TRUE,NA,"mangler url_pattern i YAML"
"Samisk høgskole",2026,NA,"V","V5DIE-3100-1","Diedateoriija ja dutkanmetodat / Vitenskapsteori og forskningsmetoder",TRUE,"samas",TRUE,NA,"mangler url_pattern i YAML"
"Samisk høgskole",2025,NA,"H","V5DJMM-1140-1","Duddjon, juoigan ja muitaleapmi",TRUE,"samas",TRUE,NA,"mangler url_pattern i YAML"
"Samisk høgskole",2026,NA,"V","V5DJMM-1140-1","Duddjon, juoigan ja muitaleapmi",TRUE,"samas",TRUE,NA,"mangler url_pattern i YAML"
"Samisk høgskole",2025,NA,"H","V5DUO-1140-1","Duodji 1",TRUE,"samas",TRUE,NA,"mangler url_pattern i YAML"
"Samisk høgskole",2026,NA,"V","V5DUO-1140-1","Duodji 1",TRUE,"samas",TRUE,NA,"mangler url_pattern i YAML"
"Samisk høgskole",2025,NA,"H","V5DUO-1141-1","Duodji 2",TRUE,"samas",TRUE,NA,"mangler url_pattern i YAML"
"Samisk høgskole",2026,NA,"V","V5DUO-1141-1","Duodji 2",TRUE,"samas",TRUE,NA,"mangler url_pattern i YAML"
"Samisk høgskole",2025,NA,"H","V5HAR-1100-1-1","Observasjonspraksis i 1. semester, 5 dager",TRUE,"samas",TRUE,NA,"mangler url_pattern i YAML"
"Samisk høgskole",2025,NA,"H","V5HAR-1100-2-1","Praksis i 1. semester, 5 dager",TRUE,"samas",TRUE,NA,"mangler url_pattern i YAML"
"Samisk høgskole",2025,NA,"H","V5HAR-1101-1-1","Praksis i 3. semester, 15 dager",TRUE,"samas",TRUE,NA,"mangler url_pattern i YAML"
"Samisk høgskole",2025,NA,"H","V5HAR-2100-1-1","Praksis i 5. semester, 15 dager",TRUE,"samas",TRUE,NA,"mangler url_pattern i YAML"
"Samisk høgskole",2025,NA,"H","V5HAR-3100-1-1","Praksis i 7. semester, 15 dager",TRUE,"samas",TRUE,NA,"mangler url_pattern i YAML"
"Samisk høgskole",2025,NA,"H","V5LUO-1140-1","Luonddufága 1",TRUE,"samas",TRUE,NA,"mangler url_pattern i YAML"
"Samisk høgskole",2026,NA,"V","V5LUO-1140-1","Luonddufága 1",TRUE,"samas",TRUE,NA,"mangler url_pattern i YAML"
"Samisk høgskole",2025,NA,"H","V5MAT-1140-1","Matematihkka 1",TRUE,"samas",TRUE,NA,"mangler url_pattern i YAML"
"Samisk høgskole",2026,NA,"V","V5MAT-1140-1","Matematihkka 1",TRUE,"samas",TRUE,NA,"mangler url_pattern i YAML"
"Samisk høgskole",2025,NA,"H","V5MAT-1141-1","Matematihkka 2 / Matematikk 2",TRUE,"samas",TRUE,NA,"mangler url_pattern i YAML"
"Samisk høgskole",2026,NA,"V","V5MAT-1141-1","Matematihkka 2 / Matematikk 2",TRUE,"samas",TRUE,NA,"mangler url_pattern i YAML"
"Samisk høgskole",2025,NA,"H","V5MAT-2100-1","Sámi etnomatematihkka / Samisk etnomatematikk",TRUE,"samas",TRUE,NA,"mangler url_pattern i YAML"
"Samisk høgskole",2026,NA,"V","V5MAT-2100-1","Sámi etnomatematihkka / Samisk etnomatematikk",TRUE,"samas",TRUE,NA,"mangler url_pattern i YAML"
"Samisk høgskole",2025,NA,"H","V5PAC-1140-1","Pedagogihkka - ciek?udeapmi árbevirolaš máhtus ja sámi kultuvrras / fordypning i tradisjonell kunnskap og samisk kultur",TRUE,"samas",TRUE,NA,"mangler url_pattern i YAML"
"Samisk høgskole",2026,NA,"V","V5PAC-1140-1","Pedagogihkka - ciek?udeapmi árbevirolaš máhtus ja sámi kultuvrras / fordypning i tradisjonell kunnskap og samisk kultur",TRUE,"samas",TRUE,NA,"mangler url_pattern i YAML"
"Samisk høgskole",2025,NA,"H","V5POM-1100-1","Sámi skuvla ja oahppan. Pedagogihkka ja oahppimáhttu 1. oahppojahki",TRUE,"samas",TRUE,NA,"mangler url_pattern i YAML"
"Samisk høgskole",2026,NA,"V","V5POM-1100-1","Sámi skuvla ja oahppan. Pedagogihkka ja oahppimáhttu 1. oahppojahki",TRUE,"samas",TRUE,NA,"mangler url_pattern i YAML"
"Samisk høgskole",2025,NA,"H","V5POM-1101-1","Nuorat, skuvla ja kultuvrrat. Pedagogihkka ja oahppimáhttu 2. oahppojahki",TRUE,"samas",TRUE,NA,"mangler url_pattern i YAML"
"Samisk høgskole",2026,NA,"V","V5POM-1101-1","Nuorat, skuvla ja kultuvrrat. Pedagogihkka ja oahppimáhttu 2. oahppojahki",TRUE,"samas",TRUE,NA,"mangler url_pattern i YAML"
"Samisk høgskole",2025,NA,"H","V5POM-2100-1","Oahpaheaddji má?ggabealat skuvllas ja servodagas. Pedagogihkka ja oahppimáhttu 3. oahppojahki",TRUE,"samas",TRUE,NA,"mangler url_pattern i YAML"
"Samisk høgskole",2026,NA,"V","V5POM-2100-1","Oahpaheaddji má?ggabealat skuvllas ja servodagas. Pedagogihkka ja oahppimáhttu 3. oahppojahki",TRUE,"samas",TRUE,NA,"mangler url_pattern i YAML"
"Samisk høgskole",2025,NA,"H","V5POM-3100-1","Skuvla oahppavaš organisašuvdnan má?ggabealat servodagas. Pedagogihkka ja oahppimáhttu 4. oahppojahki",TRUE,"samas",TRUE,NA,"mangler url_pattern i YAML"
"Samisk høgskole",2026,NA,"V","V5POM-3100-1","Skuvla oahppavaš organisašuvdnan má?ggabealat servodagas. Pedagogihkka ja oahppimáhttu 4. oahppojahki",TRUE,"samas",TRUE,NA,"mangler url_pattern i YAML"
"Samisk høgskole",2025,NA,"H","V5POM-3101-1","Dutki oahpaheaddji ja skuvlaovdanahttin. Pedagogihkka ja oahppimáhttu 5. oahppojahki",TRUE,"samas",TRUE,NA,"mangler url_pattern i YAML"
"Samisk høgskole",2026,NA,"V","V5POM-3101-1","Dutki oahpaheaddji ja skuvlaovdanahttin. Pedagogihkka ja oahppimáhttu 5. oahppojahki",TRUE,"samas",TRUE,NA,"mangler url_pattern i YAML"
"Samisk høgskole",2025,NA,"H","V5RUO-1140-1","Ruotagiella 1",TRUE,"samas",TRUE,NA,"mangler url_pattern i YAML"
"Samisk høgskole",2026,NA,"V","V5RUO-1140-1","Ruotagiella 1",TRUE,"samas",TRUE,NA,"mangler url_pattern i YAML"
"Samisk høgskole",2025,NA,"H","V5SAM-1100-1","Giella ja teakstakultuvrrat skuvllas. Sámegiella 1. oahppojahki",TRUE,"samas",TRUE,NA,"mangler url_pattern i YAML"
"Samisk høgskole",2026,NA,"V","V5SAM-1100-1","Giella ja teakstakultuvrrat skuvllas. Sámegiella 1. oahppojahki",TRUE,"samas",TRUE,NA,"mangler url_pattern i YAML"
"Samisk høgskole",2025,NA,"H","V5SAM-1101-1","Lohkama, cállima ja njálmmalaš gálggaid ovdánahttin. Sámegiella 2. oahppojahki",TRUE,"samas",TRUE,NA,"mangler url_pattern i YAML"
"Samisk høgskole",2026,NA,"V","V5SAM-1101-1","Lohkama, cállima ja njálmmalaš gálggaid ovdánahttin. Sámegiella 2. oahppojahki",TRUE,"samas",TRUE,NA,"mangler url_pattern i YAML"
"Samisk høgskole",2025,NA,"H","V5SAM-2100-1","Giellavariašuvnnat servodagas. Sámegiella 3. oahppojahki",TRUE,"samas",TRUE,NA,"mangler url_pattern i YAML"
"Samisk høgskole",2026,NA,"V","V5SAM-2100-1","Giellavariašuvnnat servodagas. Sámegiella 3. oahppojahki",TRUE,"samas",TRUE,NA,"mangler url_pattern i YAML"
"Samisk høgskole",2026,NA,"V","V5SAM-2100-1-1","Giellavariašuvnnat servodagas",TRUE,"samas",TRUE,NA,"mangler url_pattern i YAML"
"Samisk høgskole",2025,NA,"H","V5SAM-3101-1","Fágadidáktalaš ciek?udeapmi. Sámegiella 4. oahppojahki",TRUE,"samas",TRUE,NA,"mangler url_pattern i YAML"
"Samisk høgskole",2026,NA,"V","V5SAM-3101-1","Fágadidáktalaš ciek?udeapmi. Sámegiella 4. oahppojahki",TRUE,"samas",TRUE,NA,"mangler url_pattern i YAML"
"Samisk høgskole",2025,NA,"H","V5SAM-3102-1","Sámegiela ja girjjálašvuoda dutkan- ja oahpahushistorjá. Sámegiella 4. oahppojahki",TRUE,"samas",TRUE,NA,"mangler url_pattern i YAML"
"Samisk høgskole",2026,NA,"V","V5SAM-3102-1","Sámegiela ja girjjálašvuoda dutkan- ja oahpahushistorjá. Sámegiella 4. oahppojahki",TRUE,"samas",TRUE,NA,"mangler url_pattern i YAML"
"Samisk høgskole",2025,NA,"H","V5SAM-3110-1","Mastergrádadutkamuš sámegiela didaktihkas",TRUE,"samas",TRUE,NA,"mangler url_pattern i YAML"
"Samisk høgskole",2026,NA,"V","V5SAM-3110-1","Mastergrádadutkamuš sámegiela didaktihkas",TRUE,"samas",TRUE,NA,"mangler url_pattern i YAML"
"Samisk høgskole",2025,NA,"H","V5SER-1140-1","Servodatfága 1",TRUE,"samas",TRUE,NA,"mangler url_pattern i YAML"
"Samisk høgskole",2026,NA,"V","V5SER-1140-1","Servodatfága 1",TRUE,"samas",TRUE,NA,"mangler url_pattern i YAML"
"Samisk høgskole",2025,NA,"H","V5SER-1141-1","Servodatfága 2",TRUE,"samas",TRUE,NA,"mangler url_pattern i YAML"
"Samisk høgskole",2026,NA,"V","V5SER-1141-1","Servodatfága 2",TRUE,"samas",TRUE,NA,"mangler url_pattern i YAML"
"Samisk høgskole",2025,NA,"H","V5SUO-1140-1","Suomagiella 1",TRUE,"samas",TRUE,NA,"mangler url_pattern i YAML"
"Samisk høgskole",2026,NA,"V","V5SUO-1140-1","Suomagiella 1",TRUE,"samas",TRUE,NA,"mangler url_pattern i YAML"
"Samisk høgskole",2025,NA,"H","V5SUO-1141-1","Suomagiella 2",TRUE,"samas",TRUE,NA,"mangler url_pattern i YAML"
"Samisk høgskole",2026,NA,"V","V5SUO-1141-1","Suomagiella 2",TRUE,"samas",TRUE,NA,"mangler url_pattern i YAML"
"Samisk høgskole",2026,NA,"V","V5SUO-1141-1-1","Suomagiella 2",TRUE,"samas",TRUE,NA,"mangler url_pattern i YAML"
"Steinerhøyskolen",2025,NA,"H","M-LP1","Praksis første studieår",TRUE,"steiner",TRUE,NA,"tomt url_pattern i YAML"
"Steinerhøyskolen",2026,NA,"V","M-LP1","Praksis første studieår",TRUE,"steiner",TRUE,NA,"tomt url_pattern i YAML"
"Steinerhøyskolen",2025,NA,"H","M-LP2","Praksis andre studieår",TRUE,"steiner",TRUE,NA,"tomt url_pattern i YAML"
"Steinerhøyskolen",2026,NA,"V","M-LP2","Praksis andre studieår",TRUE,"steiner",TRUE,NA,"tomt url_pattern i YAML"
"Steinerhøyskolen",2025,NA,"H","M-LP3","Praksis tredje studieår",TRUE,"steiner",TRUE,NA,"tomt url_pattern i YAML"
"Steinerhøyskolen",2025,NA,"H","M-MAT1_3","Matematikk1, emne 3",TRUE,"steiner",TRUE,NA,"tomt url_pattern i YAML"
"Steinerhøyskolen",2026,NA,"V","M-MAT1_3","Matematikk1, emne 3",TRUE,"steiner",TRUE,NA,"tomt url_pattern i YAML"
"Steinerhøyskolen",2025,NA,"H","M-NAT1_2","Naturfag1, emne 2",TRUE,"steiner",TRUE,NA,"tomt url_pattern i YAML"
"Steinerhøyskolen",2026,NA,"V","M-NAT1_2","Naturfag1, emne 2",TRUE,"steiner",TRUE,NA,"tomt url_pattern i YAML"
"Steinerhøyskolen",2025,NA,"H","M-NOR1_3","Norsk1, emne 3",TRUE,"steiner",TRUE,NA,"tomt url_pattern i YAML"
"Steinerhøyskolen",2026,NA,"V","M-NOR1_3","Norsk1, emne 3",TRUE,"steiner",TRUE,NA,"tomt url_pattern i YAML"
"Steinerhøyskolen",2025,NA,"H","M-PEL1_3","Pedagogikk og elevkunnskap1, emne 3",TRUE,"steiner",TRUE,NA,"tomt url_pattern i YAML"
"Steinerhøyskolen",2026,NA,"V","M-PEL1_3","Pedagogikk og elevkunnskap1, emne 3",TRUE,"steiner",TRUE,NA,"tomt url_pattern i YAML"
"Steinerhøyskolen",2025,NA,"H","M-PEL2.2","Pedagogikk og elevkunnskap2, emne 2",TRUE,"steiner",TRUE,NA,"tomt url_pattern i YAML"
"Steinerhøyskolen",2026,NA,"V","M-PEL2.2","Pedagogikk og elevkunnskap2, emne 2",TRUE,"steiner",TRUE,NA,"tomt url_pattern i YAML"
"Steinerhøyskolen",2025,NA,"H","M-SAM1_2","Samfunnsfag1, emne 2",TRUE,"steiner",TRUE,NA,"tomt url_pattern i YAML"
"Steinerhøyskolen",2026,NA,"V","M-SAM1_2","Samfunnsfag1, emne 2",TRUE,"steiner",TRUE,NA,"tomt url_pattern i YAML"
