"institution_name","n_rows"
"Høgskulen på Vestlandet",677
"Universitetet i Tromsø - Norges arktiske universitet",558
"Norges teknisk-naturvitenskapelige universitet",547
"Universitetet i Sørøst-Norge",526
"Nord universitet",504
"Høgskolen i Innlandet",460
"Universitetet i Agder",436
"Universitetet i Stavanger",368
"NLA Høgskolen",362
"OsloMet – storbyuniversitetet",307
"Høgskolen i Østfold",298
"Høgskulen i Volda",180
"Universitetet i Bergen",180
"Samisk høgskole",124
"Universitetet i Oslo",104
"Norges idrettshøgskole",61
"MF vitenskapelig høyskole",55
"Norges miljø- og biovitenskapelige universitet",26
"Steinerhøyskolen",17
