"institution","course_id","kind"
"mf","mf_SAM1050-1_2025_autumn_1","RANDOM"
"mf","mf_RL1016-1_2025_autumn_1","RANDOM"
"mf","mf_SAM1080L-1_2025_spring_1","RANDOM"
"mf","mf_PRA1004-1_2025_autumn_1","RANDOM"
"mf","mf_RL1010L-1_2025_autumn_2","RANDOM"
"mf","mf_SAM1040L-1_2025_autumn_1","RANDOM"
"mf","mf_RL5065-1_2025_autumn_1","RANDOM"
"mf","mf_PED1010-1_2025_autumn_1","RANDOM"
"mf","mf_RL5040-1_2025_autumn_3","FAILED"
"nih","nih_LKI106-1_2025_spring_1","SUSPECT"
"nih","nih_LKI236-1_2025_spring_1","SUSPECT"
"nih","nih_LKI130-1_2022_autumn_1","RANDOM"
"nih","nih_LKI221-1_2024_autumn_1","RANDOM"
"nih","nih_LKI510-1_2025_autumn_2","RANDOM"
"nih","nih_LKI105-1_2023_spring_1","RANDOM"
"nih","nih_LKI200-1_2022_autumn_2","RANDOM"
"nih","nih_LKI105-1_2022_spring_1","RANDOM"
"nih","nih_LKI130-1_2024_autumn_1","RANDOM"
"nih","nih_LKI520-1_2025_autumn_2","RANDOM"
"nih","nih_LKI152-1_2024_spring_2","FAILED"
"steiner","steiner_M-NAT1_2_2025_spring_1","RANDOM"
"steiner","steiner_M-PEL1_1_2025_spring_1","RANDOM"
"steiner","steiner_M-NAT1_1_2025_spring_1","RANDOM"
"steiner","steiner_M-PEL2.2_2025_spring_1","RANDOM"
"steiner","steiner_M-SAM1_1_2025_spring_1","RANDOM"
"steiner","steiner_M-NOR1_3_2025_spring_1","RANDOM"
"steiner","steiner_M-NOR1_1_2025_spring_1","RANDOM"
"steiner","steiner_M-MAT1_1_2025_spring_1","RANDOM"
"uio","uio_PROMO5-1_2025_spring_3","RANDOM"
"uio","uio_SVLEP1000-1_2025_spring_1","RANDOM"
"uio","uio_TYSK4091-1_2025_spring_1","RANDOM"
"uio","uio_HIS4090L-1_2025_spring_1","RANDOM"
"uio","uio_PROMO8-1_2025_autumn_4","RANDOM"
"uio","uio_SVLEP3090-1_2025_spring_1","RANDOM"
"uio","uio_NDID4009-1_2025_spring_1","RANDOM"
"uio","uio_HIS4015L-1_2025_spring_1","RANDOM"
"uio","uio_MEK5930L-2_2025_spring_1","FAILED"
