"institution_short","n_suspect","n_random","packet"
"hiof",20,8,"data/section_review/packets/hiof.md"
"hivolda",20,8,"data/section_review/packets/hivolda.md"
"hvl",20,8,"data/section_review/packets/hvl.md"
"inn",20,8,"data/section_review/packets/inn.md"
"mf",7,8,"data/section_review/packets/mf.md"
"nih",20,8,"data/section_review/packets/nih.md"
"nla",20,8,"data/section_review/packets/nla.md"
"nmbu",10,8,"data/section_review/packets/nmbu.md"
"nord",20,8,"data/section_review/packets/nord.md"
"ntnu",20,8,"data/section_review/packets/ntnu.md"
"oslomet",20,8,"data/section_review/packets/oslomet.md"
"steiner",5,8,"data/section_review/packets/steiner.md"
"uia",20,8,"data/section_review/packets/uia.md"
"uib",20,8,"data/section_review/packets/uib.md"
"uio",5,8,"data/section_review/packets/uio.md"
"uis",20,8,"data/section_review/packets/uis.md"
"uit",20,8,"data/section_review/packets/uit.md"
"usn",20,8,"data/section_review/packets/usn.md"
